{
  "val": {
    "typo": {
      "precision": 0.5539033457249071,
      "recall": 0.8277777777777777,
      "f1": 0.6636971046770601
    },
    "patch": {
      "precision": 0.8596491228070176,
      "recall": 0.8166666666666667,
      "f1": 0.8376068376068376
    },
    "stego": {
      "precision": 0.6064814814814815,
      "recall": 0.7277777777777777,
      "f1": 0.6616161616161617
    },
    "exact_match_accuracy": 0.30833333333333335
  },
  "test": {
    "typo": {
      "precision": 0.6050420168067226,
      "recall": 0.8,
      "f1": 0.6889952153110048
    },
    "patch": {
      "precision": 0.8282828282828283,
      "recall": 0.9111111111111111,
      "f1": 0.8677248677248677
    },
    "stego": {
      "precision": 0.5485232067510548,
      "recall": 0.7222222222222222,
      "f1": 0.6235011990407674
    },
    "exact_match_accuracy": 0.3055555555555556
  }
}