{
  "metrics": {
    "per_head": {
      "typo": {
        "accuracy": 0.6388888888888888,
        "precision": 0.6050420168067226,
        "recall": 0.8,
        "f1": 0.6889952153110048,
        "roc_auc": 0.7128086419753086,
        "average_precision": 0.6914785207433637,
        "brier_score": 0.22414769232273102,
        "base_rate": 0.5
      },
      "patch": {
        "accuracy": 0.8611111111111112,
        "precision": 0.8282828282828283,
        "recall": 0.9111111111111111,
        "f1": 0.8677248677248677,
        "roc_auc": 0.9316358024691358,
        "average_precision": 0.926365632067822,
        "brier_score": 0.10811265558004379,
        "base_rate": 0.5
      },
      "stego": {
        "accuracy": 0.5638888888888889,
        "precision": 0.5485232067510548,
        "recall": 0.7222222222222222,
        "f1": 0.6235011990407674,
        "roc_auc": 0.5715123456790123,
        "average_precision": 0.5323543148457834,
        "brier_score": 0.24613118171691895,
        "base_rate": 0.5
      }
    },
    "overall": {
      "macro_precision": 0.6606160172802019,
      "macro_recall": 0.8111111111111112,
      "macro_f1": 0.7267404273588799,
      "micro_precision": 0.6508172362555721,
      "micro_recall": 0.8111111111111111,
      "micro_f1": 0.7221764220939819,
      "exact_match_accuracy": 0.3055555555555556,
      "hamming_loss": 0.31203703703703706
    }
  },
  "bootstrap_ci": {
    "typo_f1": {
      "point": 0.6889952153110048,
      "ci_lo": 0.6335055685393844,
      "ci_hi": 0.7344181552528632
    },
    "patch_f1": {
      "point": 0.8677248677248677,
      "ci_lo": 0.8289791016094162,
      "ci_hi": 0.904890937084178
    },
    "stego_f1": {
      "point": 0.6235011990407674,
      "ci_lo": 0.5699063998613332,
      "ci_hi": 0.675990675990676
    },
    "exact_match_accuracy": {
      "point": 0.3055555555555556,
      "ci_lo": 0.25833333333333336,
      "ci_hi": 0.3527777777777778
    }
  },
  "mean_attention_weights": {
    "saa": 0.10410356521606445,
    "typo": 0.2182263284921646,
    "patch": 0.6776699423789978
  }
}